<?xml version="1.0" encoding="UTF-8"?>
<!DOCTYPE mapper PUBLIC "-//mybatis.org//DTD Mapper 3.0//EN" "http://mybatis.org/dtd/mybatis-3-mapper.dtd" >
<mapper namespace="com.kh.spring.board.model.dao.BoardMapper">
   <select id="getListCount" resultType="_int">
       SELECT COUNT(*)
       FROM board
       WHERE BOARD_STATUS = 'Y' AND CATE_NO = #{cateNo}
   </select>
   
   <select id="selectBoardList" resultType="Board">
       SELECT *
       FROM BOARD
       WHERE BOARD_STATUS = 'Y' AND CATE_NO = #{cateNo}
       ORDER BY BOARD_NO DESC
   </select>
   
   <!-- 오정현 수정 -->
   	<update id="updateBoardCount" parameterType="_int">
	    UPDATE BOARD
	    SET BOARD_COUNT = BOARD_COUNT + 1
	    WHERE BOARD_NO = #{bId}
	</update>
   
    <!-- 조회수를 증가시키는 새로운 쿼리 -->
    <update id="incrementBoardCount">
	    UPDATE board SET board_count = board_count + 1 WHERE board_no = #{bId}
	</update>
   
   <select id="selectBoard" resultType="Board">
       SELECT *
       FROM board
       WHERE BOARD_STATUS = 'Y'
       AND BOARD_NO = #{boardNo}
       <if test="cateNo != null">
           AND CATE_NO = #{cateNo}
       </if>
   </select>
   
   <!-- 오정현 수정 -->
   <insert id="insertBoard">
       insert into board
       values(BOARD_SEQ.nextval, #{cateNo}, #{boardWriterNo}, #{boardWriterName},
       #{boardTitle}, #{boardContent}, 0, #{boardStatus},
       SYSDATE, SYSDATE)
   </insert>
   
   <update id="updateBoard">
       update board
       set board_title = #{boardTitle}, board_content = #{boardContent}, CREATE_DATE = sysdate, CATE_NO = #{cateNo}
       where board_NO = #{boardNo}
   </update>
   
   <update id="deleteBoard">
      update board
      set board_status = 'N'
      where board_NO = #{bId}
   </update>
   
   <!-- 검색어 게시글 수 조회 -->
   <select id="listSearchCount" resultType="_int">
      select count(*) from board where cate_No = #{cateNo} and BOARD_STATUS
      = 'Y'
      <if test="condition == 'title'">and board_title like '%' || #{search} || '%'</if>
      <if test="condition == 'content'">and board_content like '%' || #{search} || '%'</if>
   </select>
   <!-- 검색어 게시글 수 조회 -->

   <!-- 후기리스트 검색어 리스트 조회 -->
   <select id="searchQuBoBoard" resultType="Board">
      select * from board where cate_No = #{cateNo} and BOARD_STATUS = 'Y'
      <if test="condition == 'title'">and board_title like '%' || #{search} || '%'</if>
      <if test="condition == 'content'">and board_content like '%' || #{search} || '%'</if>
      <if test="condition == 'writer'">and board_writer_name like '%' || #{search} || '%'</if>
   </select>
   <!-- 후기리스트 검색어 리스트 조회 -->
   
   
   <select id="selectMember" resultType="Member">
      select * 
      from "USER"
   </select>
   
   <!-- 아직 적는 중  -->
   <select id="countMemberPost" resultType="int" parameterType="int"> 
      SELECT COUNT(*) 
      FROM board 
      JOIN "USER" ON board_writer_no = user_no
      WHERE user_no = #{userNo}
   </select>
   
   <select id="countMemberReply" resultType="int" parameterType="int"> 
      SELECT COUNT(*) 
      FROM reply 
      JOIN "USER" ON re_writer_no = user_no
      WHERE user_no = #{userNo}
   </select>
   
    <!-- 댓글 목록 조회 -->
<!--    <select id="selectReplyList" resultType="Reply"> -->
<!--        SELECT r.RE_NO, r.RE_WRITER_NO, r.BOARD_NO, r.RE_CONTENT,  -->
<!--               r.CREATE_DATE, r.UPDATE_DATE, r.RE_STATUS, r.REPLY_COUNT, -->
<!--               u.USER_NAME AS RE_WRITER_NAME, b.CATE_NO -->
<!--        FROM REPLY r -->
<!--        JOIN "USER" u ON r.RE_WRITER_NO = u.USER_NO -->
<!--        JOIN BOARD b ON r.BOARD_NO = b.BOARD_NO -->
<!--        WHERE r.BOARD_NO = #{boardNo} AND r.RE_STATUS = 'Y' -->
<!--        ORDER BY r.CREATE_DATE DESC -->
<!--    </select> -->
   
   <select id="selectReplyList" resultType="Reply">
       SELECT REPLY.RE_NO, REPLY.RE_WRITER_NO, REPLY.BOARD_NO, REPLY.RE_CONTENT, 
               REPLY.CREATE_DATE, REPLY.UPDATE_DATE, REPLY.RE_STATUS, REPLY.REPLY_COUNT,
               "USER".USER_NAME AS userName
        FROM REPLY
        JOIN "USER" ON REPLY.RE_WRITER_NO = "USER".USER_NO
        WHERE REPLY.BOARD_NO = #{boardNo} AND REPLY.RE_STATUS = 'Y'
        ORDER BY REPLY.CREATE_DATE DESC
   </select>
   
   
   <!-- 댓글 작성 (오정현 수정) -->
	   <insert id="insertReply">
	       INSERT INTO REPLY (RE_NO, RE_WRITER_NO, BOARD_NO, RE_CONTENT, CREATE_DATE, UPDATE_DATE, RE_STATUS, REPLY_COUNT)
	       VALUES (REPLY_SEQ.NEXTVAL, #{reWriterNo}, #{boardNo}, #{reContent}, SYSDATE, SYSDATE, 'Y', default)
	   </insert>
   
   <!-- 댓글 수정 (오정현 수정)-->
    <update id="updateReply">
        UPDATE REPLY
        SET RE_CONTENT = #{reContent}, UPDATE_DATE = SYSDATE
        WHERE RE_NO = #{reNo}
    </update>
    
    <!-- 댓글 삭제 (오정현 수정)-->
    <update id="deleteReply">
        UPDATE REPLY
        SET RE_STATUS = 'N'
        WHERE RE_NO = #{reNo}
    </update>
   
   <!-- 게시글별 댓글 수 갱신 -->
<!--    <update id="updateReplyCount"> -->
<!--        UPDATE BOARD -->
<!--        SET REPLY_COUNT = ( -->
<!--            SELECT COUNT(*) -->
<!--            FROM REPLY -->
<!--            WHERE BOARD_NO = #{boardNo} AND RE_STATUS = 'Y' -->
<!--        ) -->
<!--        WHERE BOARD_NO = #{boardNo} -->
<!--    </update> -->
   
    <select id="selectBoardListByCategory" parameterType="_int" resultType="Board">
       SELECT *
       FROM BOARD
       WHERE CATE_NO = #{cateNo}
         ORDER BY CREATE_DATE DESC
   </select>
   
   <!-- 내 작성글 수 세기 -->
	<select id="getMyBoardCount" resultType="_int">
	    select count(*)
	    from board
	    join "USER" on board_writer_no = user_no
	    where user_id = #{userId} and board_status='Y' 
	</select>
	
	<select id="selectMyBoardList" resultType="Board">
		select *
	    from board
	    join "USER" on board_writer_no = user_no
	    where user_id = #{userId} and board_status='Y'
	    order by board_no DESC
	</select>
	
	<!-- 내 댓글 세기 -->
	<select id="getMyReplyCount" resultType="_int">
		select count(*)
	    from reply
	    join "USER" on re_writer_no = user_no
	    where user_id = #{userId} and re_status='Y'
	</select>
	
	<select id="selectMyReplyList" resultType="Reply">
		SELECT R.*, B.BOARD_TITLE, U.USER_NAME
	    FROM REPLY R
	    JOIN BOARD B ON R.BOARD_NO = B.BOARD_NO
	    JOIN "USER" U ON R.RE_WRITER_NO = U.USER_NO
	    WHERE U.USER_ID = #{userId} AND R.RE_STATUS = 'Y'
	    ORDER BY R.RE_NO DESC
	</select>
   
   
</mapper>