<?xml version="1.0" encoding="UTF-8"?>
<!DOCTYPE mapper PUBLIC "-//mybatis.org//DTD Mapper 3.0//EN" "http://mybatis.org/dtd/mybatis-3-mapper.dtd" >
<mapper namespace="com.kh.spring.member.model.dao.MemberMapper">
	
	 <!--  user는 예약어라서 ""사이에 적어줘야 인식됨.	 -->
	 
<!-- 비밀번호 확인도 where절에 추가하자 -->	 
  <select id="login" resultType="Member">
	  	select * 
	  	from "USER"
	  	where user_status = 'Y' and user_id = #{userId} 
  </select>
	
  <insert id="insertMember">
		insert into "USER"
		values(USER_SEQ.NEXTVAL, #{userName}, #{userId}, #{userPwd}, #{userEmail}, 
		#{userPhone}, default, default, sysdate) 
  </insert>
	
  
  <select id="checkId" resultType="_int">
		select count(*)
		from "USER"
		where user_id = #{userId}
  </select>
	
  <select id="selectMyList" resultType="Member">
		select *
		from "USER"
		where user_id = #{userId}
  </select>
 	
	
	
</mapper>